"term_id","technical_key","japanese_name","display_name","category","definition","formula","numerator","denominator","grain","unit","timezone","source_of_truth","update_frequency","owner","consumers","access_level","status","aliases","exclusions","edge_cases","decision_required","effective_from","version"
"organization.company","company","会社","会社","organization","日常語として用いられる事業体。法人との同義扱い可否は未承認。","","","","organization","record","Asia/Tokyo","Core Read Adapter / public.corporations, public.stores","随時（effective-dated）","Core Master owner","店舗営業管理|法人経営管理|NOV Talent|現職者管理","認可されたcorporation/store scope","Needs Business Decision","企業","","","会社と法人を同義にするか決定","","1.0-draft"
"organization.corporation","corporation","法人","法人","organization","Core corporation IDで一意に識別する法人格または経営集計主体。","","","","corporation","record","Asia/Tokyo","Core Read Adapter / public.corporations","随時（effective-dated）","Core Master owner","店舗営業管理|法人経営管理|NOV Talent|現職者管理","認可されたcorporation/store scope","Confirmed","","","","","","1.0-draft"
"organization.store","store","店舗","店舗","organization","Core store IDで一意に識別する営業・管理拠点。名称は識別子にしない。","","","","store","record","Asia/Tokyo","Core Read Adapter / public.stores","随時（effective-dated）","Core Master owner","店舗営業管理|法人経営管理|NOV Talent|現職者管理","認可されたcorporation/store scope","Confirmed","","","","","","1.0-draft"
"organization.operating_store","operating_store","営業店舗","営業店舗","organization","対象営業日に営業対象として有効な店舗。","","","","store|effective_date","record","Asia/Tokyo","Core Read Adapter / public.corporations, public.stores","随時（effective-dated）","Core Master owner","店舗営業管理|法人経営管理|NOV Talent|現職者管理","認可されたcorporation/store scope","Needs Business Decision","","閉店後期間","","休業・開店準備中を含めるか","","1.0-draft"
"organization.closed_store","closed_store","閉店店舗","閉店店舗","organization","閉店effective date以降は新規営業実績を受け付けないが、過去実績参照を維持する店舗。","","","","store|effective_date","record","Asia/Tokyo","Core Read Adapter / public.corporations, public.stores","随時（effective-dated）","Core Master owner","店舗営業管理|法人経営管理|NOV Talent|現職者管理","認可されたcorporation/store scope","Needs Business Decision","","","","閉店日当日の扱い","","1.0-draft"
"organization.directly_managed_store","directly_managed_store","直営店舗","直営店舗","organization","承認済みownership ruleで直営と判定された店舗。","","","","organization","record","Asia/Tokyo","Core Read Adapter / public.corporations, public.stores","随時（effective-dated）","Core Master owner","店舗営業管理|法人経営管理|NOV Talent|現職者管理","認可されたcorporation/store scope","Needs Business Decision","直営店","","","判定属性と集計法人を承認","","1.0-draft"
"organization.franchise_store","franchise_store","FC店舗","FC店舗","organization","承認済みfranchise ruleでFCと判定された店舗。","","","","organization","record","Asia/Tokyo","Core Read Adapter / public.corporations, public.stores","随時（effective-dated）","Core Master owner","店舗営業管理|法人経営管理|NOV Talent|現職者管理","認可されたcorporation/store scope","Needs Business Decision","FC店","","","所有法人・運営法人・集計法人の関係を承認","","1.0-draft"
"organization.department","department","部署","部署","organization","Core department IDで識別する組織部門。","","","","department","record","Asia/Tokyo","Core Read Adapter / public.departments","随時（effective-dated）","Core Master owner","店舗営業管理|法人経営管理|NOV Talent|現職者管理","認可されたcorporation/store scope","Proposed","","","","","","1.0-draft"
"organization.area","area","エリア","エリア","organization","複数店舗を営業管理上まとめるeffective-dated管理単位。","","","","area|effective_period","record","Asia/Tokyo","Core Read Adapter / public.corporations, public.stores","随時（effective-dated）","Core Master owner","店舗営業管理|法人経営管理|NOV Talent|現職者管理","認可されたcorporation/store scope","Needs Business Decision","","","","area masterと店舗所属期間を承認","","1.0-draft"
"organization.affiliation","affiliation","所属","所属","organization","employeeと法人・部署・店舗等の有効期間付き関係。","","","","employee|organization|effective_period","record","Asia/Tokyo","Core Read Adapter / assignment history","随時（effective-dated）","Core Master owner","店舗営業管理|法人経営管理|NOV Talent|現職者管理","認可されたcorporation/store scope","Needs Business Decision","","","","業務ownerの定義承認が必要","","1.0-draft"
"organization.primary_affiliation","primary_affiliation","主所属","主所属","organization","同一時点の複数所属のうち基準となる一つの所属。","","","","organization","record","Asia/Tokyo","Core Read Adapter / public.corporations, public.stores","随時（effective-dated）","Core Master owner","店舗営業管理|法人経営管理|NOV Talent|現職者管理","認可されたcorporation/store scope","Needs Business Decision","","","","主所属選択規則を承認","","1.0-draft"
"organization.concurrent_assignment","concurrent_assignment","兼務","兼務","organization","同一期間に主所属以外の有効な所属を持つ状態。","","","","organization","record","Asia/Tokyo","Core Read Adapter / public.corporations, public.stores","随時（effective-dated）","Core Master owner","店舗営業管理|法人経営管理|NOV Talent|現職者管理","認可されたcorporation/store scope","Needs Business Decision","","","","実績・人員の按分規則を承認","","1.0-draft"
"organization.support_store","support_store","応援店舗","応援店舗","organization","主所属以外で一時的に勤務・売上計上対象となる店舗。","","","","organization","record","Asia/Tokyo","Core Read Adapter / public.corporations, public.stores","随時（effective-dated）","Core Master owner","店舗営業管理|法人経営管理|NOV Talent|現職者管理","認可されたcorporation/store scope","Needs Business Decision","","","","勤務・売上・人件費の計上先を承認","","1.0-draft"
"organization.owning_corporation","owning_corporation","所有法人","所有法人","organization","店舗資産または契約上の所有主体となる法人。","","","","organization","record","Asia/Tokyo","Core Read Adapter / public.corporations, public.stores","随時（effective-dated）","Core Master owner","店舗営業管理|法人経営管理|NOV Talent|現職者管理","認可されたcorporation/store scope","Needs Business Decision","","","","直営/FCでの正式属性を承認","","1.0-draft"
"organization.operating_corporation","operating_corporation","運営法人","運営法人","organization","店舗の日常運営責任を負う法人。","","","","organization","record","Asia/Tokyo","Core Read Adapter / public.corporations, public.stores","随時（effective-dated）","Core Master owner","店舗営業管理|法人経営管理|NOV Talent|現職者管理","認可されたcorporation/store scope","Needs Business Decision","","","","所有法人と異なる場合の権限を承認","","1.0-draft"
"organization.aggregation_corporation","aggregation_corporation","集計法人","集計法人","organization","KPI・財務報告で実績を帰属させる法人。","","","","organization","record","Asia/Tokyo","Core Read Adapter / public.corporations, public.stores","随時（effective-dated）","Core Master owner","店舗営業管理|法人経営管理|NOV Talent|現職者管理","認可されたcorporation/store scope","Needs Business Decision","","","","FC・共同運営時の集計規則を承認","","1.0-draft"
"organization.store_core_id","store_core_id","店舗Core ID","店舗Core ID","organization","店舗名称・外部コードから分離したpublic.stores.id。","","","","store","UUID","Asia/Tokyo","public.stores.id","随時（effective-dated）","Core Master owner","店舗営業管理|法人経営管理|NOV Talent|現職者管理","認可されたcorporation/store scope","Proposed","store_id","","","","","1.0-draft"
"people.employee","employee","社員","社員","people","public.employees.idで一意に識別するcanonical person record。雇用状態とは分離する。","","","","employee|effective_period","UUID","Asia/Tokyo","Core Read Adapter / public.employees","随時（effective-dated）","人事 / Core Master owner","店舗営業管理|NOV Talent|現職者管理","本人・管理scope。個人情報はHR権限","Confirmed","","","","","","1.0-draft"
"people.active_employee","active_employee","現職者","現職者","people","基準日時点で現職者管理の対象となるemployee。","","","","employee|effective_period","person","Asia/Tokyo","Core Read Adapter / public.employees, assignment history","随時（effective-dated）","人事 / Core Master owner","店舗営業管理|NOV Talent|現職者管理","本人・管理scope。個人情報はHR権限","Needs Business Decision","現職社員","","","休職者・入社予定者を含めるか","","1.0-draft"
"people.employed_person","employed_person","在籍者","在籍者","people","基準日時点で雇用関係が有効なemployee。","","","","employee|effective_period","person","Asia/Tokyo","Core Read Adapter / public.employees, assignment history","随時（effective-dated）","人事 / Core Master owner","店舗営業管理|NOV Talent|現職者管理","本人・管理scope。個人情報はHR権限","Needs Business Decision","","","","休職者を在籍人数に含めるか","","1.0-draft"
"people.leave_of_absence_employee","leave_of_absence_employee","休職者","休職者","people","承認済み休職期間内にあるemployee。","","","","employee|effective_period","person","Asia/Tokyo","Core Read Adapter / public.employees, assignment history","随時（effective-dated）","人事 / Core Master owner","店舗営業管理|NOV Talent|現職者管理","本人・管理scope。個人情報はHR権限","Needs Business Decision","","","","KPI分母ごとの除外規則を承認","","1.0-draft"
"people.retired_employee","retired_employee","退職者","退職者","people","退職effective dateを経過したemployee。過去実績の帰属は保持する。","","","","employee|effective_period","person","Asia/Tokyo","Core Read Adapter / public.employees, assignment history","随時（effective-dated）","人事 / Core Master owner","店舗営業管理|NOV Talent|現職者管理","本人・管理scope。個人情報はHR権限","Needs Business Decision","","","","退職日当日の権限・稼働扱い","","1.0-draft"
"people.working_person","working_person","稼働者","稼働者","people","対象期間に承認済み稼働条件を満たすperson。","","","","employee|effective_period","person","Asia/Tokyo","Core Read Adapter / public.employees, assignment history","随時（effective-dated）","人事 / Core Master owner","店舗営業管理|NOV Talent|現職者管理","本人・管理scope。個人情報はHR権限","Needs Business Decision","","","","出勤・売上・労働時間のどれを条件にするか","","1.0-draft"
"people.non_working_person","non_working_person","非稼働者","非稼働者","people","在籍しているが対象期間の稼働条件を満たさないperson。","","","","employee|effective_period","person","Asia/Tokyo","Core Read Adapter / public.employees, assignment history","随時（effective-dated）","人事 / Core Master owner","店舗営業管理|NOV Talent|現職者管理","本人・管理scope。個人情報はHR権限","Needs Business Decision","","","","欠勤・研修・本部勤務の扱い","","1.0-draft"
"people.technician","technician","技術者","技術者","people","技術施術売上の担当資格を持つperson。","","","","employee|effective_period","person","Asia/Tokyo","Core Read Adapter / public.employees, assignment history","随時（effective-dated）","人事 / Core Master owner","店舗営業管理|NOV Talent|現職者管理","本人・管理scope。個人情報はHR権限","Needs Business Decision","","","","職位・資格・実績のいずれで判定するか","","1.0-draft"
"people.stylist","stylist","スタイリスト","スタイリスト","people","承認済み職種masterでstylistに分類されるperson。","","","","employee|effective_period","person","Asia/Tokyo","Core Read Adapter / public.employees, assignment history","随時（effective-dated）","人事 / Core Master owner","店舗営業管理|NOV Talent|現職者管理","本人・管理scope。個人情報はHR権限","Needs Business Decision","","","","技術者との包含関係","","1.0-draft"
"people.assistant","assistant","アシスタント","アシスタント","people","承認済み職種masterでassistantに分類されるperson。","","","","employee|effective_period","person","Asia/Tokyo","Core Read Adapter / public.employees, assignment history","随時（effective-dated）","人事 / Core Master owner","店舗営業管理|NOV Talent|現職者管理","本人・管理scope。個人情報はHR権限","Needs Business Decision","","","","技術売上担当可否","","1.0-draft"
"people.store_manager","store_manager","店長","店長","people","有効期間付きroleとstore scopeを持つ店舗責任者。","","","","employee|effective_period","person","Asia/Tokyo","Core Read Adapter / public.employees, assignment history","随時（effective-dated）","人事 / Core Master owner","店舗営業管理|NOV Talent|現職者管理","本人・管理scope。個人情報はHR権限","Needs Business Decision","","","","複数店兼任時の権限","","1.0-draft"
"people.area_manager","area_manager","エリアマネージャー","エリアマネージャー","people","有効期間付きroleとarea/store scopeを持つ責任者。","","","","employee|effective_period","person","Asia/Tokyo","Core Read Adapter / public.employees, assignment history","随時（effective-dated）","人事 / Core Master owner","店舗営業管理|NOV Talent|現職者管理","本人・管理scope。個人情報はHR権限","Needs Business Decision","","","","area assignmentの物理正本","","1.0-draft"
"people.franchise_owner","franchise_owner","FCオーナー","FCオーナー","people","特定FC法人・店舗scopeを持つprincipal。","","","","employee|effective_period","person","Asia/Tokyo","Core Read Adapter / public.employees, assignment history","随時（effective-dated）","人事 / Core Master owner","店舗営業管理|NOV Talent|現職者管理","本人・管理scope。個人情報はHR権限","Needs Business Decision","","","","employee/外部principalの区分","","1.0-draft"
"people.support_staff","support_staff","応援スタッフ","応援スタッフ","people","対象期間に主所属外店舗で有効な応援assignmentを持つperson。","","","","employee|effective_period","person","Asia/Tokyo","Core Read Adapter / public.employees, assignment history","随時（effective-dated）","人事 / Core Master owner","店舗営業管理|NOV Talent|現職者管理","本人・管理scope。個人情報はHR権限","Needs Business Decision","","","","売上と人時の計上先","","1.0-draft"
"people.mid_month_transfer_employee","mid_month_transfer_employee","月中異動者","月中異動者","people","月内に有効な所属が変更されたemployee。","","","","employee|effective_period","person","Asia/Tokyo","Core Read Adapter / public.employees, assignment history","随時（effective-dated）","人事 / Core Master owner","店舗営業管理|NOV Talent|現職者管理","本人・管理scope。個人情報はHR権限","Needs Business Decision","","","","月次人数・売上の按分/実績日帰属","","1.0-draft"
"people.joined_date","joined_date","入社日","入社日","people","雇用開始を表すeffective date。実列名joined_onはAdapterで吸収する。","","","","employee|effective_period","date","Asia/Tokyo","Core Read Adapter / public.employees.joined_on","随時（effective-dated）","人事 / Core Master owner","店舗営業管理|NOV Talent|現職者管理","本人・管理scope。個人情報はHR権限","Proposed","","","","","","1.0-draft"
"people.retired_date","retired_date","退職日","退職日","people","雇用終了を表すeffective date。実列名retired_onはAdapterで吸収する。","","","","employee|effective_period","date","Asia/Tokyo","Core Read Adapter / public.employees.retired_on","随時（effective-dated）","人事 / Core Master owner","店舗営業管理|NOV Talent|現職者管理","本人・管理scope。個人情報はHR権限","Proposed","","","","","","1.0-draft"
"people.assignment_period","assignment_period","配属期間","配属期間","people","employeeと組織の関係が有効な開始日から終了日までの期間。","","","","employee|effective_period","period","Asia/Tokyo","employee_assignment_histories / employee_store_assignments","随時（effective-dated）","人事 / Core Master owner","店舗営業管理|NOV Talent|現職者管理","本人・管理scope。個人情報はHR権限","Proposed","","","","","","1.0-draft"
"people.headcount","headcount","在籍人数","在籍人数","people","指定as-ofまたは期間ルールで在籍者を重複排除した人数。","COUNT(DISTINCT employee_id meeting employed rule)","","","employee|effective_period","person","Asia/Tokyo","Core Read Adapter / public.employees, assignment history","随時（effective-dated）","人事 / Core Master owner","店舗営業管理|NOV Talent|現職者管理","本人・管理scope。個人情報はHR権限","Needs Business Decision","","","","as-of日・休職・月中異動の扱い","","1.0-draft"
"people.working_headcount","working_headcount","稼働人数","稼働人数","people","対象期間に稼働条件を満たしたpersonの重複排除人数。","COUNT(DISTINCT employee_id meeting working rule)","","","employee|effective_period","person","Asia/Tokyo","Core Read Adapter / public.employees, assignment history","随時（effective-dated）","人事 / Core Master owner","店舗営業管理|NOV Talent|現職者管理","本人・管理scope。個人情報はHR権限","Needs Business Decision","","","","稼働条件と応援者の帰属","","1.0-draft"
"people.fte","fte","FTE","FTE","people","対象期間の標準労働量に対する実労働量の換算人数。","confirmed_labor_hours / standard_labor_hours","confirmed_labor_hours","standard_labor_hours","employee|effective_period","FTE","Asia/Tokyo","Core Read Adapter / public.employees, assignment history","随時（effective-dated）","人事 / Core Master owner","店舗営業管理|NOV Talent|現職者管理","本人・管理scope。個人情報はHR権限","Needs Business Decision","","","","標準労働時間と休暇扱い","","1.0-draft"
"people.labor_hours","labor_hours","労働時間","労働時間","people","承認済み勤怠から得る対象期間の時間量。","","","","employee|effective_period","hour","Asia/Tokyo","Unknown（勤怠正本候補）","随時（effective-dated）","人事 / Core Master owner","店舗営業管理|NOV Talent|現職者管理","本人・管理scope。個人情報はHR権限","Needs Business Decision","","","","実労働/所定/残業/休憩の包含","","1.0-draft"
"people.staff_count","staff_count","スタッフ数","スタッフ数","people","現行表記。正式には在籍人数・稼働人数・FTEのいずれかへ分解する。","","","","employee|effective_period","person","Asia/Tokyo","Core Read Adapter / public.employees, assignment history","随時（effective-dated）","人事 / Core Master owner","店舗営業管理|NOV Talent|現職者管理","本人・管理scope。個人情報はHR権限","Needs Business Decision","社員数","","","利用画面ごとに正式分母へ置換","","1.0-draft"
"people.manager_relationship","manager_relationship","上長関係","上長関係","people","employeeと直属上長の有効期間付き関係。","","","","employee|effective_period","person","Asia/Tokyo","Unknown（Core拡張候補）","随時（effective-dated）","人事 / Core Master owner","店舗営業管理|NOV Talent|現職者管理","本人・管理scope。個人情報はHR権限","Proposed","","","","","","1.0-draft"
"people.employee_external_id","employee_external_id","社員外部ID","社員外部ID","people","source system内のstaff ID。Core IDへmappingして利用する。","","","","employee|effective_period","identifier","Asia/Tokyo","source system","随時（effective-dated）","人事 / Core Master owner","店舗営業管理|NOV Talent|現職者管理","本人・管理scope。個人情報はHR権限","Proposed","","","","","","1.0-draft"
"sales.gross_sales","gross_sales","総売上","総売上","sales","指定税・値引・取消・返品ルールに基づく売上集計。現時点では式未承認。","","","","transaction|daily|monthly|store|employee","JPY","Asia/Tokyo","Unknown（店舗売上原本候補）","日次・月次close後","営業部 / 経理","店舗営業管理|法人経営管理","role × corporation/store scope","Needs Business Decision","売上|総売上高","","","税込/税抜、調整前後、構成項目を承認","","1.0-draft"
"sales.tax_inclusive_sales","tax_inclusive_sales","税込売上","税込売上","sales","消費税を含む売上額。","","","","transaction|daily|monthly|store|employee","JPY","Asia/Tokyo","Unknown（店舗売上原本候補）","日次・月次close後","営業部 / 経理","店舗営業管理|法人経営管理","role × corporation/store scope","Needs Business Decision","","","","内税/外税と端数規則","","1.0-draft"
"sales.tax_exclusive_sales","tax_exclusive_sales","税抜売上","税抜売上","sales","消費税を含まない売上額。","","","","transaction|daily|monthly|store|employee","JPY","Asia/Tokyo","Unknown（店舗売上原本候補）","日次・月次close後","営業部 / 経理","店舗営業管理|法人経営管理","role × corporation/store scope","Needs Business Decision","","","","税計算・端数・軽減税率","","1.0-draft"
"sales.technical_sales","technical_sales","技術売上","技術売上","sales","承認済みservice categoryに分類された売上。","","","","transaction|daily|monthly|store|employee","JPY","Asia/Tokyo","Unknown（店舗売上原本候補）","日次・月次close後","営業部 / 経理","店舗営業管理|法人経営管理","role × corporation/store scope","Needs Business Decision","施術売上","","","純売上かgrossか、category owner、セット按分","","1.0-draft"
"sales.retail_sales","retail_sales","店販売上","店販売上","sales","承認済みretail product categoryに分類された売上。","","","","transaction|daily|monthly|store|employee","JPY","Asia/Tokyo","Unknown（店舗売上原本候補）","日次・月次close後","営業部 / 経理","店舗営業管理|法人経営管理","role × corporation/store scope","Needs Business Decision","商品売上|物販売上","","","MID/EC/返品/セット按分の扱い","","1.0-draft"
"sales.mid_sales","mid_sales","MID売上","MID売上","sales","現行表記のMIDに該当する売上。MIDの正式意味とsource項目は未確認。","","","","transaction|daily|monthly|store|employee","JPY","Asia/Tokyo","Unknown（店舗売上原本候補）","日次・月次close後","営業部 / 経理","店舗営業管理|法人経営管理","role × corporation/store scope","Unknown","ミルボンID売上","","","MIDの正式名称、重複関係、sourceを確認","","1.0-draft"
"sales.retail_sales_excluding_mid","retail_sales_excluding_mid","MID除外店販売上","MID除外店販売上","sales","店販売上からMIDとして定義された金額を除いた候補値。","retail_sales - mid_sales（候補）","retail_sales - mid_sales","","transaction|daily|monthly|store|employee","JPY","Asia/Tokyo","Unknown（店舗売上原本候補）","日次・月次close後","営業部 / 経理","店舗営業管理|法人経営管理","role × corporation/store scope","Unknown","商品売上（MID抜き）","","","MIDが店販売上に内包されるか確認","","1.0-draft"
"sales.nominated_sales","nominated_sales","指名売上","指名売上","sales","指名区分が承認条件を満たす売上。","","","","transaction|daily|monthly|store|employee","JPY","Asia/Tokyo","Unknown（店舗売上原本候補）","日次・月次close後","営業部 / 経理","店舗営業管理|法人経営管理","role × corporation/store scope","Needs Business Decision","","","","指名判定時点と複数担当按分","","1.0-draft"
"sales.non_nominated_sales","non_nominated_sales","指名外売上","指名外売上","sales","指名売上に該当しない対象技術売上。","","","","transaction|daily|monthly|store|employee","JPY","Asia/Tokyo","Unknown（店舗売上原本候補）","日次・月次close後","営業部 / 経理","店舗営業管理|法人経営管理","role × corporation/store scope","Needs Business Decision","フリー売上","","","対象売上と除外区分","","1.0-draft"
"sales.new_customer_sales","new_customer_sales","新規売上","新規売上","sales","承認済み新規客定義に該当する来店の売上。","","","","transaction|daily|monthly|store|employee","JPY","Asia/Tokyo","Unknown（店舗売上原本候補）","日次・月次close後","営業部 / 経理","店舗営業管理|法人経営管理","role × corporation/store scope","Needs Business Decision","","","","新規客定義と顧客ID欠損","","1.0-draft"
"sales.existing_customer_sales","existing_customer_sales","既存売上","既存売上","sales","承認済み既存客定義に該当する来店の売上。","","","","transaction|daily|monthly|store|employee","JPY","Asia/Tokyo","Unknown（店舗売上原本候補）","日次・月次close後","営業部 / 経理","店舗営業管理|法人経営管理","role × corporation/store scope","Needs Business Decision","","","","再来/固定/失客復帰の包含","","1.0-draft"
"sales.discount","discount","値引き","値引き","sales","原取引に関連付く価格減額。","","","","transaction|daily|monthly|store|employee","JPY","Asia/Tokyo","Unknown（店舗売上原本候補）","日次・月次close後","営業部 / 経理","店舗営業管理|法人経営管理","role × corporation/store scope","Needs Business Decision","","","","売上区分への按分と税","","1.0-draft"
"sales.return_amount","return_amount","返品","返品","sales","商品またはサービスの返却に関連する調整イベントまたは金額。","","","","transaction|daily|monthly|store|employee","JPY","Asia/Tokyo","Unknown（店舗売上原本候補）","日次・月次close後","営業部 / 経理","店舗営業管理|法人経営管理","role × corporation/store scope","Needs Business Decision","返品額","","","返品日/原売上日の計上","","1.0-draft"
"sales.refund_amount","refund_amount","返金","返金","sales","顧客へ返した金額。返品・取消と別イベントで保持する。","","","","transaction|daily|monthly|store|employee","JPY","Asia/Tokyo","Unknown（店舗売上原本候補）","日次・月次close後","営業部 / 経理","店舗営業管理|法人経営管理","role × corporation/store scope","Needs Business Decision","","","","現金/決済返金と売上減額の関係","","1.0-draft"
"sales.cancellation_amount","cancellation_amount","キャンセル","キャンセル","sales","成立済み取引または予約の取消。売上イベントと予約イベントを区別する。","","","","transaction|daily|monthly|store|employee","JPY","Asia/Tokyo","Unknown（店舗売上原本候補）","日次・月次close後","営業部 / 経理","店舗営業管理|法人経営管理","role × corporation/store scope","Needs Business Decision","","","","売上計上済み取消のみ金額対象とするか","","1.0-draft"
"sales.net_sales","net_sales","純売上","純売上","sales","承認済み税基準の売上から値引・取消・返品等を適用した売上。","approved_sales - discounts - cancellations - returns（候補）","","","transaction|daily|monthly|store|employee","JPY","Asia/Tokyo","Unknown（店舗売上原本候補）","日次・月次close後","営業部 / 経理","店舗営業管理|法人経営管理","role × corporation/store scope","Needs Business Decision","","","","approved_salesの税基準と返金・訂正の扱い","","1.0-draft"
"sales.sales_recognition_date","sales_recognition_date","売上計上日","売上計上日","sales","売上を報告期間へ帰属させる承認済み日付。","","","","transaction|daily|monthly|store|employee","date","Asia/Tokyo","Unknown（店舗売上原本候補）","日次・月次close後","営業部 / 経理","店舗営業管理|法人経営管理","role × corporation/store scope","Needs Business Decision","","","","施術日/決済日/締め日/訂正日の優先","","1.0-draft"
"sales.sales_month","sales_month","売上月","売上月","sales","売上計上日または営業日から導出するYYYY-MMの月次期間。","","","","monthly|store","month","Asia/Tokyo","Unknown（店舗売上原本候補）","日次・月次close後","営業部 / 経理","店舗営業管理|法人経営管理","role × corporation/store scope","Proposed","","","","","","1.0-draft"
"sales.provisional_sales","provisional_sales","仮売上","仮売上","sales","close前または検証未完了の売上version。","","","","transaction|daily|monthly|store|employee","JPY","Asia/Tokyo","Unknown（店舗売上原本候補）","日次・月次close後","営業部 / 経理","店舗営業管理|法人経営管理","role × corporation/store scope","Needs Business Decision","","","","仮売上をランキングに含めるか","","1.0-draft"
"sales.confirmed_sales","confirmed_sales","確定売上","確定売上","sales","source検証・close・承認条件を満たしたimmutable versionの売上。","","","","transaction|daily|monthly|store|employee","JPY","Asia/Tokyo","Unknown（店舗売上原本候補）","日次・月次close後","営業部 / 経理","店舗営業管理|法人経営管理","role × corporation/store scope","Needs Business Decision","","","","承認者と確定条件","","1.0-draft"
"sales.corrected_sales","corrected_sales","修正売上","修正売上","sales","確定後の訂正を新versionとして反映した売上。","","","","transaction|daily|monthly|store|employee","JPY","Asia/Tokyo","Unknown（店舗売上原本候補）","日次・月次close後","営業部 / 経理","店舗営業管理|法人経営管理","role × corporation/store scope","Needs Business Decision","","","","再open、承認、原version参照","","1.0-draft"
"customer.total_customer_count","total_customer_count","総客数","総客数","customer","対象期間の承認済みvisit/customer重複排除規則による客数。","","","","visit|customer|daily|monthly|store","count","Asia/Tokyo","Unknown（POS/予約/顧客原本候補）","日次・月次close後","営業部","店舗営業管理","集計はstore scope。個票は高感度権限","Needs Business Decision","総来店数","","","会計数/visit数/customer数の採用","","1.0-draft"
"customer.technical_customer_count","technical_customer_count","技術客数","技術客数","customer","技術serviceを受けたvisit/customerの承認済み客数。","","","","visit|customer|daily|monthly|store","count","Asia/Tokyo","Unknown（POS/予約/顧客原本候補）","日次・月次close後","営業部","店舗営業管理","集計はstore scope。個票は高感度権限","Needs Business Decision","","","","複数技術・同日再来の重複排除","","1.0-draft"
"customer.retail_purchasing_customer_count","retail_purchasing_customer_count","店販購入客数","店販購入客数","customer","対象期間に店販購入条件を満たしたvisit/customer数。","","","","visit|customer|daily|monthly|store","count","Asia/Tokyo","Unknown（POS/予約/顧客原本候補）","日次・月次close後","営業部","店舗営業管理","集計はstore scope。個票は高感度権限","Needs Business Decision","商品購買客数|店販購買客数","","","顧客/会計単位と技術来店なし購入","","1.0-draft"
"customer.new_customer","new_customer","新規客","新規客","customer","承認済みlookback範囲内で初回来店と判定された顧客。","","","","visit|customer|daily|monthly|store","count","Asia/Tokyo","Unknown（POS/予約/顧客原本候補）","日次・月次close後","営業部","店舗営業管理","集計はstore scope。個票は高感度権限","Needs Business Decision","新規","","","全社/店舗初回、lookback、顧客ID欠損","","1.0-draft"
"customer.existing_customer","existing_customer","既存客","既存客","customer","新規客以外で有効な来店履歴を持つ顧客。","","","","visit|customer|daily|monthly|store","count","Asia/Tokyo","Unknown（POS/予約/顧客原本候補）","日次・月次close後","営業部","店舗営業管理","集計はstore scope。個票は高感度権限","Needs Business Decision","","","","失客復帰の扱い","","1.0-draft"
"customer.returning_customer","returning_customer","再来客","再来客","customer","初回来店後に再度来店した顧客。","","","","visit|customer|daily|monthly|store","count","Asia/Tokyo","Unknown（POS/予約/顧客原本候補）","日次・月次close後","営業部","店舗営業管理","集計はstore scope。個票は高感度権限","Needs Business Decision","","","","対象期間と店舗跨ぎ","","1.0-draft"
"customer.repeat_customer","repeat_customer","リピート客","リピート客","customer","承認済み回数・期間条件を満たす再来客。","","","","visit|customer|daily|monthly|store","count","Asia/Tokyo","Unknown（POS/予約/顧客原本候補）","日次・月次close後","営業部","店舗営業管理","集計はstore scope。個票は高感度権限","Needs Business Decision","","","","2回目/3回目/固定の包含と期間","","1.0-draft"
"customer.nominated_customer","nominated_customer","指名客","指名客","customer","対象来店で指名条件を満たす顧客。","","","","visit|customer|daily|monthly|store","count","Asia/Tokyo","Unknown（POS/予約/顧客原本候補）","日次・月次close後","営業部","店舗営業管理","集計はstore scope。個票は高感度権限","Needs Business Decision","","","","一部指名・複数担当","","1.0-draft"
"customer.non_nominated_customer","non_nominated_customer","指名外客","指名外客","customer","対象来店で指名条件を満たさない顧客。","","","","visit|customer|daily|monthly|store","count","Asia/Tokyo","Unknown（POS/予約/顧客原本候補）","日次・月次close後","営業部","店舗営業管理","集計はstore scope。個票は高感度権限","Needs Business Decision","フリー客","","","技術客のみを対象とするか","","1.0-draft"
"customer.lost_customer","lost_customer","失客","失客","customer","承認済み無来店期間を超えた顧客。","","","","visit|customer|daily|monthly|store","count","Asia/Tokyo","Unknown（POS/予約/顧客原本候補）","日次・月次close後","営業部","店舗営業管理","集計はstore scope。個票は高感度権限","Unknown","","","","lookback期間と再来時の復帰","","1.0-draft"
"customer.visit_count","visit_count","来店回数","来店回数","customer","承認済みvisit keyで重複排除した来店event数。","","","","visit|customer|daily|monthly|store","visit","Asia/Tokyo","Unknown（POS/予約/顧客原本候補）","日次・月次close後","営業部","店舗営業管理","集計はstore scope。個票は高感度権限","Needs Business Decision","","","","同日複数会計・施術の統合","","1.0-draft"
"customer.duplicate_customer_count","duplicate_customer_count","重複客数","重複客数","customer","同一人物の重複customer record数または重複除外数。","","","","visit|customer|daily|monthly|store","count","Asia/Tokyo","Unknown（POS/予約/顧客原本候補）","日次・月次close後","営業部","店舗営業管理","集計はstore scope。個票は高感度権限","Unknown","","","","意味、matching rule、PII利用を確認","","1.0-draft"
"customer.cancelled_customer","cancelled_customer","キャンセル客","キャンセル客","customer","予約を取消した顧客/予約件数。売上客数には含めない候補。","","","","visit|customer|daily|monthly|store","count","Asia/Tokyo","Unknown（POS/予約/顧客原本候補）","日次・月次close後","営業部","店舗営業管理","集計はstore scope。個票は高感度権限","Needs Business Decision","","","","当日/事前、顧客数/予約数の単位","","1.0-draft"
"customer.no_show_customer","no_show_customer","無断キャンセル","無断キャンセル","customer","来店せず、承認済みno-show条件を満たす予約。","","","","visit|customer|daily|monthly|store","count","Asia/Tokyo","Unknown（POS/予約/顧客原本候補）","日次・月次close後","営業部","店舗営業管理","集計はstore scope。個票は高感度権限","Needs Business Decision","ノーショー","","","連絡有無と期限","","1.0-draft"
"customer.referred_customer","referred_customer","紹介客","紹介客","customer","承認済み紹介sourceを持つ新規または既存顧客。","","","","visit|customer|daily|monthly|store","count","Asia/Tokyo","Unknown（POS/予約/顧客原本候補）","日次・月次close後","営業部","店舗営業管理","集計はstore scope。個票は高感度権限","Needs Business Decision","","","","紹介者・媒体・初回来店限定","","1.0-draft"
"kpi.budget","budget","予算","予算","kpi","対象期間・scope・versionを持つ計画値の総称。","","","","monthly|store|employee","JPY","Asia/Tokyo","承認済みsnapshot候補","月次close後","営業部 / 経営者","店舗営業管理|法人経営管理","role × corporation/store scope","Needs Business Decision","","","","正式versionと正本","","1.0-draft"
"kpi.initial_budget","initial_budget","当初予算","当初予算","kpi","対象年度・月の開始前に最初に承認された予算version。","","","","monthly|store|employee","JPY","Asia/Tokyo","承認済みsnapshot候補","月次close後","営業部 / 経営者","店舗営業管理|法人経営管理","role × corporation/store scope","Needs Business Decision","","","","最初の承認時点","","1.0-draft"
"kpi.revised_budget","revised_budget","修正予算","修正予算","kpi","当初予算の後に承認された新version。","","","","monthly|store|employee","JPY","Asia/Tokyo","承認済みsnapshot候補","月次close後","営業部 / 経営者","店舗営業管理|法人経営管理","role × corporation/store scope","Needs Business Decision","","","","改定権限・適用月・遡及","","1.0-draft"
"kpi.approved_budget","approved_budget","承認予算","承認予算","kpi","指定as-ofで有効な承認済み予算version。","","","","monthly|store|employee","JPY","Asia/Tokyo","承認済みsnapshot候補","月次close後","営業部 / 経営者","店舗営業管理|法人経営管理","role × corporation/store scope","Needs Business Decision","","","","承認workflowと複数version選択","","1.0-draft"
"kpi.budget_achievement_rate","budget_achievement_rate","予算達成率","予算達成率","kpi","実績値を承認予算で除した比率。","actual_sales / approved_budget * 100","actual_sales","approved_budget","monthly|store|employee","percent","Asia/Tokyo","承認済みsnapshot候補","月次close後","営業部 / 経営者","店舗営業管理|法人経営管理","role × corporation/store scope","Needs Business Decision","予算比|目標達成率","","","actual_salesの正式定義","","1.0-draft"
"kpi.prior_year_sales","prior_year_sales","前年売上","前年売上","kpi","比較可能な前年同期間の承認済み売上。","","","","monthly|store|employee","JPY","Asia/Tokyo","承認済みsnapshot候補","月次close後","営業部 / 経営者","店舗営業管理|法人経営管理","role × corporation/store scope","Needs Business Decision","","","","閉店・移転・統合店舗の比較","","1.0-draft"
"kpi.year_over_year_rate","year_over_year_rate","前年比","前年比","kpi","当期値を比較可能な前年同期間値で除した比率。","current_period_value / prior_year_comparable_value * 100","current_period_value","prior_year_comparable_value","monthly|store|employee","percent","Asia/Tokyo","承認済みsnapshot候補","月次close後","営業部 / 経営者","店舗営業管理|法人経営管理","role × corporation/store scope","Needs Business Decision","前年同月比","","","比較可能店と0分母","","1.0-draft"
"kpi.month_over_month_rate","month_over_month_rate","前月比","前月比","kpi","当月値を前月の比較可能値で除した比率。","current_month_value / previous_month_value * 100","current_month_value","previous_month_value","monthly|store|employee","percent","Asia/Tokyo","承認済みsnapshot候補","月次close後","営業部 / 経営者","店舗営業管理|法人経営管理","role × corporation/store scope","Needs Business Decision","","","","速報/確定混在と0分母","","1.0-draft"
"kpi.average_spend","average_spend","客単価","客単価","kpi","承認済み対象売上を承認済み総客数で除した値。","approved_sales / total_customer_count","approved_sales","total_customer_count","monthly|store|employee","JPY/customer","Asia/Tokyo","承認済みsnapshot候補","月次close後","営業部 / 経営者","店舗営業管理|法人経営管理","role × corporation/store scope","Needs Business Decision","総単価","","","売上と客数の正式組合せ","","1.0-draft"
"kpi.technical_average_spend","technical_average_spend","技術単価","技術単価","kpi","技術売上を技術客数で除した値。","technical_sales / technical_customer_count","technical_sales","technical_customer_count","monthly|store|employee","JPY/customer","Asia/Tokyo","承認済みsnapshot候補","月次close後","営業部 / 経営者","店舗営業管理|法人経営管理","role × corporation/store scope","Needs Business Decision","","","","税込/純売上と技術客の重複排除","","1.0-draft"
"kpi.retail_average_spend","retail_average_spend","店販単価","店販単価","kpi","店販売上を承認済み分母で除した値。","retail_sales / denominator_to_be_approved","retail_sales","Needs Business Decision","monthly|store|employee","JPY/customer","Asia/Tokyo","承認済みsnapshot候補","月次close後","営業部 / 経営者","店舗営業管理|法人経営管理","role × corporation/store scope","Needs Business Decision","","","","総客数か店販購入客数か","","1.0-draft"
"kpi.retail_purchase_rate","retail_purchase_rate","店販購買率","店販購買率","kpi","店販購入客数を承認済み対象客数で除した比率。","retail_purchasing_customer_count / denominator_to_be_approved * 100","retail_purchasing_customer_count","Needs Business Decision","monthly|store|employee","percent","Asia/Tokyo","承認済みsnapshot候補","月次close後","営業部 / 経営者","店舗営業管理|法人経営管理","role × corporation/store scope","Needs Business Decision","購買率","","","総客数/技術客数/来店数のどれを分母にするか","","1.0-draft"
"kpi.new_customer_count","new_customer_count","新規客数","新規客数","kpi","承認済み新規客定義に該当する顧客の重複排除数。","COUNT(DISTINCT customer_id meeting new_customer rule)","new_customer","","monthly|store|employee","customer","Asia/Tokyo","承認済みsnapshot候補","月次close後","営業部 / 経営者","店舗営業管理|法人経営管理","role × corporation/store scope","Needs Business Decision","","","","全社/店舗初回、lookback、顧客ID欠損","","1.0-draft"
"kpi.new_customer_rate","new_customer_rate","新規比率","新規比率","kpi","新規客数を承認済み対象客数で除した比率。","new_customer_count / denominator_to_be_approved * 100","new_customer_count","Needs Business Decision","monthly|store|employee","percent","Asia/Tokyo","承認済みsnapshot候補","月次close後","営業部 / 経営者","店舗営業管理|法人経営管理","role × corporation/store scope","Needs Business Decision","","","","新規客定義と分母","","1.0-draft"
"kpi.nomination_rate","nomination_rate","指名比率","指名比率","kpi","指名客数または指名売上を承認済み分母で除した比率。","nominated_metric / denominator_to_be_approved * 100","Needs Business Decision","Needs Business Decision","monthly|store|employee","percent","Asia/Tokyo","承認済みsnapshot候補","月次close後","営業部 / 経営者","店舗営業管理|法人経営管理","role × corporation/store scope","Needs Business Decision","","","","客数/売上、総数/技術数の組合せ","","1.0-draft"
"kpi.repeat_rate","repeat_rate","リピート率","リピート率","kpi","承認済みrepeat cohortの再来数を対象母数で除した比率。","repeat_customer_count / eligible_cohort_count * 100","repeat_customer_count","eligible_cohort_count","monthly|store|employee","percent","Asia/Tokyo","承認済みsnapshot候補","月次close後","営業部 / 経営者","店舗営業管理|法人経営管理","role × corporation/store scope","Needs Business Decision","","","","cohort、期間、固定客、顧客ID欠損","","1.0-draft"
"kpi.total_productivity","total_productivity","総生産性","総生産性","kpi","承認済み総売上系分子を承認済み人員系分母で除したKPI。","approved_total_sales / approved_workforce_denominator","Needs Business Decision","Needs Business Decision","monthly|store|employee","JPY/person","Asia/Tokyo","承認済みsnapshot候補","月次close後","営業部 / 経営者","店舗営業管理|法人経営管理","role × corporation/store scope","Needs Business Decision","","","","分子、在籍/稼働/FTE/時間の選択","","1.0-draft"
"kpi.technical_productivity","technical_productivity","技術生産性","技術生産性","kpi","技術売上を承認済み人員系分母で除したKPI。","technical_sales / approved_workforce_denominator","technical_sales","Needs Business Decision","monthly|store|employee","JPY/person","Asia/Tokyo","承認済みsnapshot候補","月次close後","営業部 / 経営者","店舗営業管理|法人経営管理","role × corporation/store scope","Needs Business Decision","","","","稼働人数/FTE/時間の選択","","1.0-draft"
"kpi.sales_per_labor_hour","sales_per_labor_hour","人時売上高","人時売上高","kpi","承認済み売上を承認済み総労働時間で除した値。","approved_sales / approved_labor_hours","approved_sales","approved_labor_hours","monthly|store|employee","JPY/hour","Asia/Tokyo","承認済みsnapshot候補","月次close後","営業部 / 経営者","店舗営業管理|法人経営管理","role × corporation/store scope","Needs Business Decision","","","","売上基準と所定/実/休憩時間","","1.0-draft"
"kpi.actual_labor_sales_per_hour","actual_labor_sales_per_hour","実労働売上高","実労働売上高","kpi","承認済み売上を確定実労働時間で除した値。","approved_sales / confirmed_actual_labor_hours","approved_sales","confirmed_actual_labor_hours","monthly|store|employee","JPY/hour","Asia/Tokyo","承認済みsnapshot候補","月次close後","営業部 / 経営者","店舗営業管理|法人経営管理","role × corporation/store scope","Needs Business Decision","","","","人時売上高との差と実労働時間source","","1.0-draft"
"kpi.utilization_rate","utilization_rate","稼働率","稼働率","kpi","承認済み実稼働量を承認済み利用可能量で除した比率。","actual_utilized_amount / available_amount * 100","Needs Business Decision","Needs Business Decision","monthly|store|employee","percent","Asia/Tokyo","承認済みsnapshot候補","月次close後","営業部 / 経営者","店舗営業管理|法人経営管理","role × corporation/store scope","Needs Business Decision","","","","人員・時間・予約枠のどれを測るか","","1.0-draft"
"kpi.headcount_productivity","headcount_productivity","稼働人員生産性","稼働人員生産性","kpi","承認済み売上を稼働人数で除した値。","approved_sales / working_headcount","approved_sales","working_headcount","monthly|store|employee","JPY/person","Asia/Tokyo","承認済みsnapshot候補","月次close後","営業部 / 経営者","店舗営業管理|法人経営管理","role × corporation/store scope","Needs Business Decision","","","","売上基準と稼働人数定義","","1.0-draft"
"kpi.fte_productivity","fte_productivity","FTE生産性","FTE生産性","kpi","純売上をFTEで除した値。","net_sales / fte","net_sales","fte","monthly|store|employee","JPY/FTE","Asia/Tokyo","承認済みsnapshot候補","月次close後","営業部 / 経営者","店舗営業管理|法人経営管理","role × corporation/store scope","Needs Business Decision","","","","FTE標準時間と純売上","","1.0-draft"
"kpi.store_ranking","store_ranking","店舗ランキング","店舗ランキング","kpi","同一period・metric version・scopeで店舗を順位付けした派生値。","","","","monthly|store|employee","rank","Asia/Tokyo","承認済みsnapshot候補","月次close後","営業部 / 経営者","店舗営業管理|法人経営管理","role × corporation/store scope","Needs Business Decision","","","","採用KPI、同順位、欠損、速報を含むか","","1.0-draft"
"kpi.staff_ranking","staff_ranking","スタッフランキング","スタッフランキング","kpi","同一period・metric version・eligible populationでemployeeを順位付けした派生値。","","","","monthly|store|employee","rank","Asia/Tokyo","承認済みsnapshot候補","月次close後","営業部 / 経営者","店舗営業管理|法人経営管理","role × corporation/store scope","Needs Business Decision","","","","職種・所属・応援・最低稼働条件","","1.0-draft"
"period.business_day","business_day","営業日","営業日","period","店舗timezoneと承認済み境界時刻で決まる業務日。","","","","period|store","date","Asia/Tokyo","店舗営業Business Contract候補","随時","営業部 / 経理","全IDEA NOV OSアプリ","業務scope","Needs Business Decision","","","","深夜跨ぎ・店舗別境界・休業日","","1.0-draft"
"period.calendar_day","calendar_day","暦日","暦日","period","Asia/Tokyoの00:00から24:00までの日付。","","","","period|store","date","Asia/Tokyo","店舗営業Business Contract候補","随時","営業部 / 経理","全IDEA NOV OSアプリ","業務scope","Proposed","","","","","","1.0-draft"
"period.monthly_period","monthly_period","月次","月次","period","承認済み営業日規則でまとめたYYYY-MM期間。","","","","period|store","month","Asia/Tokyo","店舗営業Business Contract候補","随時","営業部 / 経理","全IDEA NOV OSアプリ","業務scope","Needs Business Decision","","","","締め境界と遡及修正","","1.0-draft"
"period.current_month","current_month","当月","当月","period","指定as-ofが属する月次期間。","","","","period|store","month","Asia/Tokyo","店舗営業Business Contract候補","随時","営業部 / 経理","全IDEA NOV OSアプリ","業務scope","Needs Business Decision","","","","as-ofとtimezone","","1.0-draft"
"period.previous_month","previous_month","前月","前月","period","当月の直前の月次期間。","","","","period|store","month","Asia/Tokyo","店舗営業Business Contract候補","随時","営業部 / 経理","全IDEA NOV OSアプリ","業務scope","Needs Business Decision","","","","比較version","","1.0-draft"
"period.prior_year_same_month","prior_year_same_month","前年同月","前年同月","period","当月の12か月前に対応する比較可能な月次期間。","","","","period|store","month","Asia/Tokyo","店舗営業Business Contract候補","随時","営業部 / 経理","全IDEA NOV OSアプリ","業務scope","Needs Business Decision","","","","店舗改廃時の比較","","1.0-draft"
"period.flash","flash","速報","速報","period","完全性・承認前であることを明示した早期集計。","","","","period|store","period","Asia/Tokyo","店舗営業Business Contract候補","随時","営業部 / 経理","全IDEA NOV OSアプリ","業務scope","Proposed","速報値","確定値扱い","","","","1.0-draft"
"period.preliminary","preliminary","暫定","暫定","period","source収集は進んでいるが検証または承認が未完了の状態。","","","","period|store","period","Asia/Tokyo","店舗営業Business Contract候補","随時","営業部 / 経理","全IDEA NOV OSアプリ","業務scope","Needs Business Decision","","","","速報との差と利用可能画面","","1.0-draft"
"period.verified","verified","検証済み","検証済み","period","定義済みvalidationを通過したが、業務承認とは別の状態。","","","","period|store","period","Asia/Tokyo","店舗営業Business Contract候補","随時","営業部 / 経理","全IDEA NOV OSアプリ","業務scope","Needs Business Decision","","","","validation checklistと実行者","","1.0-draft"
"period.approved","approved","承認済み","承認済み","period","権限を持つ業務ownerが特定versionを承認した状態。","","","","period|store","period","Asia/Tokyo","店舗営業Business Contract候補","随時","営業部 / 経理","全IDEA NOV OSアプリ","業務scope","Needs Business Decision","","","","承認者・代理・取消","","1.0-draft"
"period.closed","closed","締め済み","締め済み","period","対象periodへの通常writeを停止した状態。","","","","period|store","period","Asia/Tokyo","店舗営業Business Contract候補","随時","営業部 / 経理","全IDEA NOV OSアプリ","業務scope","Needs Business Decision","","","","daily/monthly closeと例外権限","","1.0-draft"
"period.reopened","reopened","再オープン","再オープン","period","承認を受けて締め済みperiodを訂正可能にした状態。","","","","period|store","period","Asia/Tokyo","店舗営業Business Contract候補","随時","営業部 / 経理","全IDEA NOV OSアプリ","業務scope","Needs Business Decision","","","","実行権限、理由、再締め","","1.0-draft"
"period.retroactive_correction","retroactive_correction","遡及修正","遡及修正","period","過去periodの確定値を上書きせず新versionで訂正すること。","","","","period|store","period","Asia/Tokyo","店舗営業Business Contract候補","随時","営業部 / 経理","全IDEA NOV OSアプリ","業務scope","Needs Business Decision","","","","会計連携と表示期間","","1.0-draft"
"period.snapshot","snapshot","スナップショット","スナップショット","period","指定as-of・定義version・source versionで固定した派生集計。","","","","period|store","period","Asia/Tokyo","店舗営業Business Contract候補","随時","営業部 / 経理","全IDEA NOV OSアプリ","業務scope","Needs Business Decision","snapshot","","","生成時点と再生成規則","","1.0-draft"
"period.version","version","バージョン","バージョン","period","定義・source・集計・承認の変更を識別するimmutable番号。","","","","period|store","identifier","Asia/Tokyo","店舗営業Business Contract候補","随時","営業部 / 経理","全IDEA NOV OSアプリ","業務scope","Needs Business Decision","","","","採番と互換性","","1.0-draft"
"period.effective_date","effective_date","適用日","適用日","period","定義またはmaster relationが業務上有効になる日。","","","","period|store","date","Asia/Tokyo","店舗営業Business Contract候補","随時","営業部 / 経理","全IDEA NOV OSアプリ","業務scope","Needs Business Decision","effective date","","","時刻精度と終了境界","","1.0-draft"
"period.as_of","as_of","基準時点","基準時点","period","状態・scope・versionを評価する明示的な日時。","","","","period|store","timestamp","Asia/Tokyo","店舗営業Business Contract候補","随時","営業部 / 経理","全IDEA NOV OSアプリ","業務scope","Proposed","","","","","","1.0-draft"
"data_governance.original_record","original_record","原本","原本","data_governance","変更前の一次資料またはsource system記録。正本採用とは別概念。","","","","data_object","record","Asia/Tokyo","Data Governance Contract","随時","Data owner / System owner","全IDEA NOV OSアプリ","操作別権限。auditは限定参照","Proposed","原資料","","","","","1.0-draft"
"data_governance.sales_source_of_truth","sales_source_of_truth","正本","正本","data_governance","指定業務事実について競合時に優先する、owner承認済みの唯一のsource。","","","","data_object","record","Asia/Tokyo","Data Governance Contract","随時","Data owner / System owner","全IDEA NOV OSアプリ","操作別権限。auditは限定参照","Unknown","source of truth","","","店舗売上の正式正本を選定","","1.0-draft"
"data_governance.source_system","source_system","ソースシステム","ソースシステム","data_governance","データを生成・管理する外部または内部system。","","","","data_object","record","Asia/Tokyo","Data Governance Contract","随時","Data owner / System owner","全IDEA NOV OSアプリ","操作別権限。auditは限定参照","Unknown","source system","","","店舗売上source systemを特定","","1.0-draft"
"data_governance.source_file","source_file","ソースファイル","ソースファイル","data_governance","import batchの入力となるimmutable fileとそのmetadata。","","","","data_object","record","Asia/Tokyo","Data Governance Contract","随時","Data owner / System owner","全IDEA NOV OSアプリ","操作別権限。auditは限定参照","Unknown","source file","","","公式export formatと保管範囲","","1.0-draft"
"data_governance.import_batch","import_batch","取込バッチ","取込バッチ","data_governance","同一source、受領時点、checksum、処理結果を束ねる取込単位。","","","","data_object","record","Asia/Tokyo","Data Governance Contract","随時","Data owner / System owner","全IDEA NOV OSアプリ","操作別権限。auditは限定参照","Proposed","import batch","","","","","1.0-draft"
"data_governance.source_row","source_row","ソース行","ソース行","data_governance","source file内の位置と原値digestで追跡可能な最小入力行。","","","","data_object","record","Asia/Tokyo","Data Governance Contract","随時","Data owner / System owner","全IDEA NOV OSアプリ","操作別権限。auditは限定参照","Proposed","source row","","","","","1.0-draft"
"data_governance.external_id","external_id","外部ID","外部ID","data_governance","source system内で対象を識別するID。Core IDとは分離する。","","","","data_object","record","Asia/Tokyo","Data Governance Contract","随時","Data owner / System owner","全IDEA NOV OSアプリ","操作別権限。auditは限定参照","Proposed","external ID","","","","","1.0-draft"
"data_governance.core_id","core_id","Core ID","Core ID","data_governance","IDEA NOV OSのcanonical master recordを識別するimmutable ID。名称をIDとして使わない。","","","","data_object","UUID","Asia/Tokyo","Core Master","随時","Data owner / System owner","全IDEA NOV OSアプリ","操作別権限。auditは限定参照","Confirmed","","","","","","1.0-draft"
"data_governance.mapping","mapping","マッピング","マッピング","data_governance","external IDまたはsource valueをCore ID・canonical categoryへ対応付けるversion付き関係。","","","","data_object","record","Asia/Tokyo","Data Governance Contract","随時","Data owner / System owner","全IDEA NOV OSアプリ","操作別権限。auditは限定参照","Proposed","mapping","","","","","1.0-draft"
"data_governance.mapping_pending","mapping_pending","マッピング保留","マッピング保留","data_governance","一意なmappingが確定しておらずcanonical集計へ反映できない状態。","","","","data_object","record","Asia/Tokyo","Data Governance Contract","随時","Data owner / System owner","全IDEA NOV OSアプリ","操作別権限。auditは限定参照","Proposed","mapping pending","","","","","1.0-draft"
"data_governance.ambiguous","ambiguous","曖昧","曖昧","data_governance","複数候補があり自動で一意解決できない状態。","","","","data_object","record","Asia/Tokyo","Data Governance Contract","随時","Data owner / System owner","全IDEA NOV OSアプリ","操作別権限。auditは限定参照","Proposed","ambiguous","","","","","1.0-draft"
"data_governance.quarantine","quarantine","隔離","隔離","data_governance","validationまたはmapping不合格のdataを本集計から分離した状態・領域。","","","","data_object","record","Asia/Tokyo","Data Governance Contract","随時","Data owner / System owner","全IDEA NOV OSアプリ","操作別権限。auditは限定参照","Proposed","quarantine","","","","","1.0-draft"
"data_governance.validation_error","validation_error","検証エラー","検証エラー","data_governance","取込または契約を拒否する重大なvalidation違反。","","","","data_object","record","Asia/Tokyo","Data Governance Contract","随時","Data owner / System owner","全IDEA NOV OSアプリ","操作別権限。auditは限定参照","Proposed","validation error","","","","","1.0-draft"
"data_governance.warning","warning","警告","警告","data_governance","処理継続は可能だが確認を要する非blocking事象。","","","","data_object","record","Asia/Tokyo","Data Governance Contract","随時","Data owner / System owner","全IDEA NOV OSアプリ","操作別権限。auditは限定参照","Proposed","warning","","","","","1.0-draft"
"data_governance.duplicate","duplicate","重複","重複","data_governance","同一business keyまたはsource identityが複数回現れる状態。","","","","data_object","record","Asia/Tokyo","Data Governance Contract","随時","Data owner / System owner","全IDEA NOV OSアプリ","操作別権限。auditは限定参照","Proposed","duplicate","","","","","1.0-draft"
"data_governance.checksum","checksum","チェックサム","チェックサム","data_governance","source bytesまたはcanonical payloadの同一性を検証するdigest。","","","","data_object","digest","Asia/Tokyo","Data Governance Contract","随時","Data owner / System owner","全IDEA NOV OSアプリ","操作別権限。auditは限定参照","Proposed","checksum","","","","","1.0-draft"
"data_governance.audit","audit","監査記録","監査記録","data_governance","actor、action、resource、result、timestamp、correlationを追跡するimmutable記録。","","","","data_object","record","Asia/Tokyo","Data Governance Contract","随時","Data owner / System owner","全IDEA NOV OSアプリ","監査・system管理者に限定","Proposed","audit","","","","","1.0-draft"
"data_governance.correction_reason","correction_reason","修正理由","修正理由","data_governance","訂正を必要とした業務理由の承認済みcodeと補足。","","","","data_object","record","Asia/Tokyo","Data Governance Contract","随時","Data owner / System owner","全IDEA NOV OSアプリ","操作別権限。auditは限定参照","Proposed","correction reason","","","","","1.0-draft"
"data_governance.approved_by","approved_by","承認者","承認者","data_governance","特定versionを承認したcanonical principal ID。表示名のみを保存しない。","","","","data_object","principal_id","Asia/Tokyo","Data Governance Contract","随時","Data owner / System owner","全IDEA NOV OSアプリ","操作別権限。auditは限定参照","Proposed","approved by","","","","","1.0-draft"
"data_governance.data_owner","data_owner","データオーナー","データオーナー","data_governance","定義・品質・access・変更承認に最終責任を持つ業務role。","","","","data_object","record","Asia/Tokyo","Data Governance Contract","随時","Data owner / System owner","全IDEA NOV OSアプリ","操作別権限。auditは限定参照","Proposed","","","","","","1.0-draft"
